Cu,Fe,S,SiO2,CaO,As,Zn,Pb,MgO,Al2O3,H2O
25.517241,25.967586,31.291379,6.253103,0.368276,0.144138,0.468966,0.271379,0.437586,1.895172,8.96069
