name,ratio
shuixinglun,51.72413793103449%
laiketa,20.689655172413793%
manila,6.896551724137931%
gubei,20.689655172413793%
