name,ratio
水星轮,51.72413793103449%
莱科塔,20.689655172413793%
马尼拉精神,6.896551724137931%
古北,20.689655172413793%
